payload_cid,data_size,filenames
bafybeifc4taw632g2i6o6afotgppkr5m6jgu5twqhuodrzmdheswoxh4y4,34091302912
bafybeihvup46dhf6e2fnua3cuwkfs5xdi7vq2nmd3gdmfi5jwqvkdrguly,34091302912
bafybeicv4rpim2silbtob54boryptbbqtb2mcp7dtqvivpjcsrmhcspsuq,34091302912
bafybeifei2aeem4bv44hsr7pjugalobb2qzc5wfg4gmgyg234wwzotn2om,34091302912
bafybeibdnld4aj56wmq6oe4xawqd2wq7tqfynnm7pkqe2t2vw6ktnnepu4,34091302912
bafybeic57ofrmk3z22zjxpg4gs5dxrui756kd2mqljgm4xhmxtguggtqa4,34091302912
bafybeibzk276renxrc6rl7c2xgngbggg34pqpcjf7kreh7nbq34ogjwmoe,34091302912
bafybeics5jyahhtph77n7zphgo337o77s2efvjr63jhqros7ptq3yvuysq,34091302912
bafybeiga7bhqvifd3g7ky7ldu3v2y2q672bemquoxqt4q2p7s5f4zgwinu,34091302912
bafybeiftoxrgbhd3x4qb4tj3vvsljrhgrrytclebxz6otipozzxgwrnh6u,34091302912
bafybeieb56owoox6634blae2mlhp3jqa5w2o6o2vkuxmwnmoy7y7xtya2y,34091302912
bafybeihqm3wd5qqptwmfejyjb6w57uonhdtudhloosuoksihyerakflwo4,34091302912
bafybeidaqu7fanrwcpkxdfndpvkd5zvr52cnlwaqfet5cl4bkao7ykdkuy,34091302912
bafybeicpzai7lh23bnisxcg3edpyy5cfbxgoiuzfukhw4qwltnyfbhyn6m,34091302912
bafybeibkn5jjgyrdtzt5uz5aukfums27zqrgtam2nabkmuomkk3ibsclxu,34091302912
bafybeicp5temzdjmf2oqu36iyi2lhwkrfm2t7sj2hpdpgell4wzgxagaqu,34091302912
bafybeie6jeuwyrqisi3fbfhmdxhudlv5t4ylcxf6iytqamtwrvhhetzuly,34091302912
bafybeihfsrgb5uddzarkpasuezaetylgmunvacg446hj2wm5fth6vcs5u4,34091302912
bafybeib3szmudh3rq25cyulcufkyubppc5it55xhalwycba3tdgdyf57ca,34091302912
bafybeig37ysjqdy2rnvh6vm2s36f2n4oon3ahu7cjzkjhl3va2rn7tv2la,34091302912
bafybeiasl7tyqxostzlxrgribgfyjyaeyxhrn2fyte4lsey6s3qmgohmmm,34091302912
bafybeibggsg6zp3dx2vx3njsdwuf2zrkkxpa33jxxg76hkzkgkqukxwpwa,34091302912
bafybeih2kvqyzdzumo6ld2pa2iurbgdpcvhm3t6wvgafx4mi4ub6pv4yte,34091302912
bafybeidtpussajlogxm3kfqppqfegbt2gec2fvsjp7sol3ulbnuaaooj4i,34091302912
bafybeidjqo4oa5iswaaa5w6tujapciffmhientb5yhi6osjo7vpv33usdm,34091302912
bafybeid2yicrj2rkcbs534w5gauqler64psp6wiyk3lurta6dn3wnrawpe,34091302912
bafybeihg5i563xwgkjpghb2ns34aelwrsc3prwj664slc7j5jzl36zl4qi,34091302912
bafybeiaemaxcad2yq7wdofvzuff44fwcwovj6uavu37fbj5fjwh6hkzdau,34091302912
bafybeib63b3tblg5fl5w6ne662ul6t7iwcvor56nfamdv5npatwndntgu4,34091302912
bafybeietr223hambghjlkvw4bwfqionghlyxwq2sco5a4seskrf2xdakfq,34091302912
bafybeidykguggpuo64hhda5cvgcf7orrleibd6pggkuzr5icvzzx4mm2du,34091302912
bafybeidxuppwyih6bn5hkcxge3u3tzb4tccog3jrgdzlnozraxeclp2cde,34091302912
bafybeiefjty7egoujn755jguy2yvgnodefahfzwkqjieuoupjuekevmx3q,34091302912
bafybeibbmctx7tyhoqjctxgak4pfuh6dk5gpjl7g5vkbfj4q72ymycyelu,34091302912
bafybeighqrnly5e2hknabmltneivvmcz7v5shbvli5rui7etxdj3eetxti,34091302912
bafybeibmr3zy737p2hvncwzpa742jkhmocza7kuocyrvuwgcbwe55kt2qa,34091302912
bafybeibtxhpli5hafuuukxkvsckvm7f6f2q5be3stzpjk4b7nsu5cdh2qy,34091302912
bafybeih3fzfffzal2ge5omz63jw2hjinmsziyslnd3wa373fzwku6efe2q,34091302912
bafybeicmhqlunoqqwmpwstd3jfpx3i24kumrqdqouz7vktrcsunvczysqi,34091302912
bafybeid2aj4qtihdntehtxktrk774cuu5c5pdzbqfya3nylaoxlhj6hc4y,34091302912
bafybeibjok4nnyaboagwxc2yuigbqkhral77zwxqmkg3pweas4qonbevae,34091302912
bafybeidnqsyghyb7vyrpvgtfb2z2lrxgbk36rfmljpwdzykhh6xsxldgva,34091302912
bafybeif5iaee5wfutyk4sq6g4w6dz3wcleesypp5sbzgqdwnjihwerbitu,34091302912
bafybeigonfzozsctj36auxwvfrdbnua2md6eey3wwmp45zwcxvc5tw7ovq,34091302912
bafybeiezmik7mockpueo7jidiml4g2uusc4rqjrdftapm65n7kqfacd4iq,34091302912
bafybeibxsc4baeer3zygdvgimvk4cctv3son2o32qcpvmeqzmuppgnl2qy,34091302912
bafybeibxwf6ulp4i2swzyf4epjndl3l3gzy2tt4scm464obqvrgmgvq75q,34091302912
bafybeig3r4tjdmc7ifo3pfipdekvekbq6wjd5z6urlctprig775t66y4ay,34091302912
bafybeiem4dpfiw7fc2qesuwpekdacsm6qwxozd7cg6qo3b4opwidwfmw64,34091302912
bafybeiecjwhpblze4nvh22affg42x3wj4k5aclhbl3min747uoi3ii7hey,34091302912
bafybeiaxe5fpmzbjklet2itn553qtawjvpfk5toqkb3sfzhsqkyvcmefqu,34091302912
bafybeiejvzc2p4y6b2krqfxh7jl677dlctyk34xyszyyvghgl7giengyaa,34091302912
bafybeicnf7g4lqdxkwcbp2wgjaf6rithe7ki7wso4r36ixpzoqxtn6wyya,34091302912
bafybeifs6m2ekz6wunzxoljlzidnsszjnsgfyqdmz2l7iifpzgwujurzsm,34091302912
bafybeihz6jzlzktw6lvdnouyeftw7dca6xtlv4oa7t6s2wlratu64keeea,34091302912
bafybeifkncwwf5budojhbgu4h22sg6bp5w3wwqgtnvrolb22airvo5arde,34091302912
bafybeih65pugx42aolrqt7hifjayoxoj6n7nxevlqxxnw7iyfzlxxie6gy,34091302912
bafybeic2mltqy5q3hssmuyeyyumxre3m4imhse6bfsjxhxvadn66s6ivbu,34091302912
bafybeigztdfvggillbqybrfiofugnoye5lulekz3czy5jdqbfizmq4sdsi,34091302912
bafybeihetxn22whgawalyzbgx5rtc3oyff5gymgqvd5pkotik5z6er655m,34091302912
bafybeiauw35m2kwbec3osuodgq4q3a4mospwhrpreohwfs4dyaduzaryzi,34091302912
bafybeifhkbgffalu5gidgoqydkjqecl2ijsb2uw6syt4ovts3fhhl33ymu,34091302912
bafybeibat4pnebtirbxchatvnnbjshuuhdjo32y3esw4umarbr3uyircjq,34091302912
bafybeichpf3wupamkzn36ym3dmwub4iddcofjtfguektzmgmjcmkzrcq3e,34091302912
bafybeibabprkipfa6fbh3ugasvini22ygg4qic43jv3j2c5lzmjhuqbbrq,34091302912
bafybeihkyua77gn4bc55s25iejamgfhew5ufq2ztpxguiou2c3g7tnbqqi,34091302912
bafybeihswjozl723h7qclpcaeid6fpr6g3agw7nby2xiddi2br3nyzdbha,34091302912
bafybeiaqg4qn7un52toilws7itqhajtbdvh45pjjzbov5j6taaownteprm,34091302912
bafybeihas6mniavey3g4lvlqre2vwfspbuhhtsuw5u7uchmlohp346733y,34091302912
bafybeicqdxz3tcvs46xk6fgb3crefh4hsc5bi4saiib3rpgzop75eorlye,34091302912
bafybeifigmncf3ijqjbh4pmqmxkt4g6sbw6z643imqbolnlbq5d46yc2ri,34091302912
bafybeib62jcui2q25ne2uatwikp24yplzz5fqdjlai7jhwxoppvqsxrtai,34091302912
bafybeihpxa6hzze56p3akf7dsi3wak43b4sv5jyotkdulzpiieckkc6toi,34091302912
bafybeih2igkiyv2gr3dejrodvomrrjvgnapz55tjkmtyn5woj5fdsv5ida,34091302912
bafybeifimpoqll4it3bjhj5qguhbmet3ku72t2zfppwnaumg5eby3sbyfa,34091302912
bafybeicjrnglwgp3sp3r6nt3tnz43hxbtlcpagx326aqtm6yfd2jzkfimm,34091302912
bafybeie5wyyag7yheep3pnrxarmaptl5c4ywadswugtx32u6bomtfuyaea,34091302912
bafybeidpapihdtfg5y5cru6utnfsog46vlji6wz3uokavzu7frnz37blwu,34091302912
bafybeiaom4fczeqxynm3m2dmqnow3ga2k3dm3rczk4pcluhyxkvdn6nkkm,34091302912
bafybeigtsuokz55k4oepxgqfluaboyouomes2qnhlhhgtsuhoujlnr3cte,34091302912
bafybeigraglpbxf4zlir4u6af22ewaljniq2twu6rr4w3hi2rgyo2t355e,34091302912
bafybeihpzrdd5ulyrgtjfryoqvjnlgeck73o6kz7nfzt2d57asyvtbutoy,34091302912
bafybeiaasplm7de6ttsi27brfbah4d3ny2msplxr7ih6ejchlouge4cybu,34091302912
bafybeighi3o2akmxgqhmgbgentswqvowdihrghkh6baosbtpr7nwha4yxa,34091302912
bafybeih7wyjdyycc6qly46uq5iikrlg2pbmik6w5hzyg5ir6lrn4q5cm74,34091302912
bafybeibipasd24ebiprhxapsh54aod5ufcya2zmugp6elc3fslbovuoeze,34091302912
bafybeihyjgfl7fovgjmrgsxczwid7jas3z6mhbjul7u4tqk2xpc3v7zknq,34091302912
bafybeif2iqi3pcysg5tl6tj73y2kwt64fiqta55vnkptomxia2nbn44b24,34091302912
bafybeia5kwovp2s2czovumdc4q5xlk7aejp4aexj2spqx5hdywwx4to3na,34091302912
bafybeiddqche3dyfbl52raaj35xtxtbmpok7vl25ije3riuufznbyqt4t4,34091302912
bafybeigg5cceznxwj5snp76jgmex7ixtk3zthlqacwjgffig6gurp24msu,34091302912
bafybeigzia4to6uavvx73g2lepqewag2f57uly2ydm6f7b3v6gcjvfd3t4,34091302912
bafybeifu4zeiueefwga7tz5d75g64fqoforowl2aze7xxtnornullp6t3m,34091302912
bafybeiaemprqbjba5jc6yyqoa2mp72bwyyudysilvt2oqepft2gqu7xsee,34091302912
bafybeifu7w2l7syx23jzk7spdqhwlb3fxszkunom65kxyiodgqakbp3kam,34091302912
bafybeigx3rawmgd5shxob5ymg5mcfbrhvxqunghzbwrroqxqlsznf3ru44,34091302912
bafybeigxhyuftktnjz2elisuerpvxo7lb7uf2sisnji4afk26pjofqxtau,34091302912
bafybeihsh7oc5pmaaasauimle6qklu745utzmtacjb6zcrtc25vukgfhza,34091302912
bafybeidptjzaynap3aqtbkk6bbjlknzfclght2pze64zjmpdieetvfdija,34091302912
bafybeicaj22xd5oqgmtqswj6a5nt4eafadttn3nsqg52i66z2y64klajgm,34091302912
bafybeibyaltcrqnj3t5fe7fy2f6hglypklzf3yn7fhbxocd7xrtqwe5pem,34091302912
bafybeieyuujwpgl6pjm6us36urjldwzrwywkqzufdmcivrgcsgnx3phkja,34091302912
bafybeiflqentwmr2sqhrcicfcqda32hulp7nuzo7umcwc63oj3lcs2oqtm,34091302912
bafybeib7ivpw7rrqydo6nwvaavubhuxiwykxdqm7rmuskatqduewlupkkq,34091302912
bafybeifaxhuprvk2vmly3cg3i56bkfqio42e23apvuseuxwbbfbby5z2e4,34091302912
bafybeicz3hq7mah3tm5nybhrxc5yh76glearrwxsjetoy6izepqhbwpy34,34091302912
bafybeiemicpgqbfo5ucywtd2qi2rbcjlzco7wu2wes452iov3sqwhjsqcm,34091302912
bafybeifw3wlbpd7zhbcabuotfydjhqdi2kbbibytaf2cci2bxsumpgwbum,34091302912
bafybeifjy6hkhdxqzmjb5q25qojgi3mvjlobj3bvlzq5zojfh4a6bjucw4,34091302912
bafybeigwapihoduhelra6n3heal7mnbowwi43d7lheasrupn4dxc3any7q,34091302912
bafybeig7knezdezilaz73s7764exdn7ezuq7lgtwpct4up5br64pkexbzq,34091302912
bafybeigifuotpzqxmugb24zse4envywdo6rgm5kok53avqo46cnhwo2ctu,34091302912
bafybeiclthgmdglnlfhfffp2gy7ms3ezwuxdgspir7e6tjffs7jmdnglg4,34091302912
bafybeifycaqqec6yjqtsyeirah45inhnnxfpb6b5secjckmczrc4etbjba,34091302912
bafybeiarflrcrzbjskcehen54dhlm5o6lryx7g2p7lfqdh5e2gwvzktbcy,34091302912
bafybeicrc6lm3pxqsfqqk7ujsmj5vnmwuds77qntbizjkmeybe2mgqhzte,34091302912
bafybeiekh4u2fwfq2esrdcjxabxtyn3ojepjoqirezkxyvkgfl6z2ukcri,34091302912
bafybeib6mtivlnih2ywx3klk3rfescgkrzlhsohxea3vo7smoawm434w3e,34091302912
bafybeigluk5xdt6ymqpo5skyffpsfs724pgvzburosqvix7vi3o56xvnr4,34091302912
bafybeigwo5l27l5sev3x4vlumffhngmcjfd4hc5rix7tbdwk5w2qewkfgq,34091302912
bafybeiglo4itxo3rxe4zyif3v2r3wxunddtfuwfak7tcaut4nm3u4tjyse,34091302912
bafybeiezoi2mc77clr5n7j7pa4iwydlcpm45eziqldsndgdrpejdvaza64,34091302912
bafybeifafqq4vqbrpafn5p2ezedyey3yyk2l376yanmd4g2ligos3feh3e,34091302912
bafybeic43eqs24noqof4agwtkoeuygpvn47alow3t52p2p57y6h3wewvh4,34091302912
bafybeibowocffqgmoxvo4ju6mcbeip5xa2lmgy2icixd2sanowxirvvmea,34091302912
bafybeigodtxcsbm4uk3zluxy5gvyio2cwkzp4qnfco6cgrrqvpaivqrrbm,34091302912
bafybeihlogut4ft37gvaymveuyjyauh5l423qkniadp6pjqqzs6rdq7l24,34091302912
bafybeicmbcsdwwu76yawowq22or5koeekfgqaifo4naj2rtzotshwspuf4,34091302912
bafybeif2wfqwuqxhcppkhw6rsiwyrbbzurjhdgnoijr4bfheook2ay62we,34091302912
bafybeih6rkszwsbg6tc7piaosho5blwzqb26n4csrp7ikfqohuv7mgmqk4,34091302912
bafybeihnpvfp6pzoym57kbbg5zffe76ulfvgs2ybgx4xi5uroykv547pri,34091302912
bafybeic3fvbnwutmr67zh6652qdlcasb3rlpf7ej7lvbjgc6rsee4omgqu,34091302912
bafybeib77cimse3ry2cegp7vwdorbw3jq5ihedg47dvuspj6n67emqtq7y,34091302912
bafybeicr6r5ml27ie4vzgwe5u5l2r2mxhbovw4hg5icfbndnlbp7ydsq54,34091302912
bafybeig4lopehk6xyq7dx3rsdgqjez7kddotxzzbbl3q3xfgkqvxq33764,34091302912
bafybeihxl322ki5tzwgb2vcvwvdlhdtzsnujv274zcjk2c37caszim7zjm,34091302912
bafybeibfdnowj2exzjazla4aawkezc5bjyrb4hkhdkmsktqbree5w3tt7a,34091302912
bafybeifj5c6pmjq7zxdn65fzxh57buyin2emfyjcquvuwlw6jf3y4dgoyi,34091302912
bafybeic4lcgvdxisuc6vj3qhxnkkv7aish5vkjyskubf42lphetsws5udq,34091302912
bafybeiawgnd64lned3txswqv5ux6ipwlczzwprdpbmeelktfzfpgkhzsgm,34091302912
bafybeieurtyxzu5r7impm5gng57wwdjgzv2usjisn7pd5l23qs5hzbig4i,34091302912
bafybeih2zjfavhniu3to3fbeafja5lqzuuydsmhn2jdfyfobjuds3opjfa,34091302912
bafybeic6lgktvhieazpy4fstyjikwopceezwzhavvsv6c7ia7zd5qilofu,34091302912
bafybeiaylbls4vzul5z44ojmyrufgfzhetecto55jfsttbjok6cgyiymfq,34091302912
bafybeig2augukwbf3d2vcbd2ixqy2bikc6bjgrw4rakfj42m6uhebo4hxe,34091302912
bafybeie4q6o2ejixsurjc6cgzw5ken5dkqqh63bzttzimlt7vpdhl6rv2e,34091302912
bafybeifn4gsauozwaypnk2adblf4aukev44auvzflmrq4zmccrr3uv3baa,34091302912
bafybeia4vy4tggd4r5ulxtspti3kssntx7ea7uce6uazrvonnl2opesu74,34091302912
bafybeih4ea472hfbf2mwzerjhyo5wi63mkohdty5mcm5lz74zr7red4hpy,17045651456
bafybeidg6jdmkg73ie6u63kasun3xjpdq7pde5ebqaxl6yhc23ibz2mjmm,34091302912
bafybeifeznfp5enu422xl3e26hxqxp5qqd4ijm3gdabor3mp6eybuyqbnq,34091302912
bafybeifmtsi4th76oyd34ldunqjynewxegap6swww4mfqn2ju6agze2kru,34091302912
bafybeihh7c6s2j2jwrnlijus2z4mgqudblrgpnnrb5doo4gnslucv4nuk4,34091302912
bafybeibl4g3svxvcvohk7m6viudf2r7abu5i5uqoxtyrmujay26vsptwmi,34091302912
bafybeidvpqlrr56jzpvzhuopvqwkqdynx24feb6pom4in6uy7eb5g7bak4,34091302912
bafybeibzipdbvucgkx36wboe4cqghghfokuetuat37klp4tdaj5cxwutim,34091302912
bafybeieadw3jsa5ox4b64xs56d4w7nkkvnahqgghd3tpx6ledm6puzn454,34091302912
bafybeidni2u5qpdaxqxknghyb23elcqevsgzy4bzxyiejbk3gmoeqnqwai,17045651456
bafybeicmfskoqv2ywyoup5lks32ohbeyxa5srxwsxf6dkxx6nzd5sh6wae,34091302912
bafybeihp5aqdj26ku5ejyi3yen3xxo2qwzqnx4ptdys3v55j2za5nuxhoq,17045651456
bafybeiafqmcct6rlm3rfnxuneclgznrjql2szhn6nvc4mxa3jovqlqpfue,17045651456
bafybeieb26hzs3aik2yhiqs6hw67dlagfefy3ofalem2ruv4c5sjmnlxpi,17045651456
bafybeickkmzm6r3e63k55judnkxdzi3yczicerhbria7weucnvdsqmau7m,34091302912
bafybeiexxnb24isdzlorsmbh6sfx5vi5x4r6mecvdqhpbj3mmvpugi5ebm,34091302912
bafybeieux66gdw7ol5bhsaeonc6jbxxjqlwucfwf5mo2mpvew6in737sdm,34091302912
bafybeibz55blxtuz2inkpxgjjxsqydkceaq77wi5aigo7qsw4t7dpyyhky,34091302912
bafybeibr7r62hfc3imuzjk4m7f4tqsa32ocvvqic4ksod3dihldic5zrey,17045651456
bafybeid6yy6dkkseinzt4olr2ibcyszbybnfoihvr5bkbpznlj3bbqnl6a,34091302912
bafybeidikctg4jverckcvucixzbfojplnqjy5nldozvkrshdzylgyvlasm,17045651456
bafybeie5ql5rh2feqzu2l4yzsolnyjfyvxdiaya3crgvm66igefq26had4,17045651456
bafybeiao6usewrpmijdw7rojk6zmpag5kpevgm3nw3tpq62f6asscoyeiy,17045651456
bafybeiebh2r7fph7avl7cylzqx4upivij5pvzz377oald5eulq2jtj54oi,17045651456
bafybeiedfy52uw2upwh6nvcvgaeztuppnhfxlbgbfcujxpi6be6jlo37gy,17045651456
bafybeifsgqj6uaolwh2sjh26vjc3dq5vp5qdciva7laoz3eqbzjblrns6e,34091302912
bafybeigaxcefcojlvpglkt2ul6ih65an3zre5aacommflsd3gqb5ropmz4,17045651456
bafybeibw73zjqwylt2wx3goryv2utvkhdyl3inmut7cufik6oiy7ls7uzy,17045651456
bafybeic7vrqhyvhgi5xfsuj24vccz7jljn63zu65j6omlnuqgpqg24uo7i,17045651456
bafybeifbbb6meuipursmvfgiq2dafwftcccykask527vkx6prk4edf3hhe,17045651456
bafybeidbsw4vrb5yliha6456btslvnygghpaysm5xbfjbwsmxxmoo3jal4,17045651456
bafybeidxz7b24473rle3qrnsnengdbar2t73bfrc23gzjusopwcv6pue3m,17045651456
bafybeig7v5k6cgdyqilekj5knmha6ztvx4i5ukos5wpsmqhhe6yn7skgea,34091302912
bafybeigf4obj7bn4hpb24lwcoscfpfc62rdspfatrkrvxxqyajkzmlp5ey,17045651456
bafybeidvvluuydnwvjxo5kmau4xv2s3basyfeuucr6s2vsidlus2t3bv5a,17045651456
bafybeihz2t467527yisi2e4lralmpz55darfctau2dsfgdkzsrvkh7yzj4,34091302912
bafybeifo6bpaeuncfxxe62scuvcsf3wcapzszvvwpd4p257yjh3q7vieuy,34091302912
bafybeia2um5gmzxta3h2b4cujuue756ok3wypk6ts4ejvoxu5etavlgoca,34091302912
bafybeifxgkqvl7bfsbdkphwf4jnuqg3i5lapbkcoduuiuc65bgbsu5ovv4,34091302912
bafybeigshqjrvmxp53y4vh2iustk3gdpkpipw2yk5aqgmj26ioj5emtm3a,34091302912
bafybeia3iavsqn4juwuywak44i5j7zboglmteeyv42z7al6ys5bb324hbq,34091302912
bafybeifjhmohdwub6uaetx67frsa4k6yg7v3pa5sghzkxo5g6nhf5jqgr4,34091302912
bafybeibtgufrlydwmpaw7cs7coozpvuuc42rmnm5f2ptyns446gsztxhfa,34091302912
bafybeieppwzn3zwcttjxwju7orakvir7ib53ynnoyyk44qiu7jnah4jejm,34091302912
bafybeiez23rejc4sxmzrlioe45adrg5nqghrloo5sgx2szbjujaexgaxre,34091302912
bafybeihn7b7trpzxb5dehouhhrwgtx3a4spg4cyvgt6tunmr4bmezzjwlu,34091302912
bafybeicwp46tu7f7t7m6jqqmvnqralswooso6flensgn2cvigogv24l6mi,34091302912
bafybeih3nltxy3qe2uxx7nvpqg4wlfdxdgijx5yzorjkmib3czziz6ej3q,34091302912
bafybeihdsbggn3szx72l73q6qerswn3gf6q7g4ugvg64fhn7cz5objacaq,34091302912
bafybeifxxbshddkk27cl2fezfdfjto3cquuimylr2nr5mbl5npudvomnwi,34091302912
bafybeichfwvdqybd4dgnc4gvntvuzbeiylzdftwpinrx2qcrvlmpfzbwt4,34091302912
bafybeiazqvcunlqlzoxjk4qmsbvhhj7xiei3hsxf36tkolz34zvs5uikey,34091302912
bafybeiea6wivkzx35odboegmshema4l5vjylfutaycdmvni2rxykwexlge,34091302912
bafybeiftmvqxycop7xvrk7un5e5zrt4kfe63x4jdsaxkaxqclvy2udvqta,34091302912
bafybeialui6fdf6hlyce4d3mz3kuoq33uc7rofmrekryff7w2364bdrtym,34091302912
bafybeifaq6putfevdjea4rku4jzmlep4q6tf6txvblf2eyzj36u5aybdum,34091302912
bafybeicvq5zkguucb5gij2lddmxcog2li7u4ro5vhizyu57xnucqgzwpeu,34091302912
bafybeifakyuoisljstnla7u4sg6auj3gi3vhknv5kj3jzxrzmr6nhgvba4,34091302912
bafybeid6l7o4mlvytpt3uiqak5foty6ertu7aukmdc7bfu67kz46aucohq,34091302912
bafybeiafcraqoc2x7yegpuojbpuzz3xxuou674xwhoop6xaecmuuwuduby,34091302912
bafybeiakme2x7vvxceu7kwgqtav7kggf6otpxbgphjirgxwty4wfvfluyq,34091302912
bafybeif26yojqao2hlqe5c7q76thfzim7d2ztkanrf4jjlaykgxnmykuaa,34091302912
bafybeibojlmgxgyuftrutj63czfyugj5e7tdf6bzydlxgknpj27wefflo4,34091302912
bafybeiaszq65j34dp33tff67p6cchcg7man5xrixjjawplqu3ji7szzf6m,34091302912
bafybeicypl76my57x4c7lfm4rmckgdihoftnibljbedfbyrwc4vb7aqlv4,34091302912
bafybeiel2m34ejdnuegy23wqeruif2av5nx7wrcjienrenfmgwmp4q4bqi,34091302912
bafybeiefwaesluk7afnwv5xc3kcezfcrxvcbzsexs7cs3a74pb74r463mq,34091302912
bafybeid2abht54d336t42qpvu3pyqedjpjw25cb244zknt5wrr7grffyti,34091302912
bafybeif2vl6liju6v2bqu4h2h22thh5zbaytc2wrcginn2fo7qm2rtcciy,34091302912
bafybeicdaoiaomazn76amzbk2dbxzqzsn6nzzaguzbuo5mysxgyklefjly,34091302912
bafybeibjwr6btunin5vudm66yhlp52npx7c4ce4firlgrwf6onru2gpfze,34091302912
bafybeifb3cgbdyct5vwpdrs4nnf3jpvawxvqfusyyihwhg6ygfyisjobjy,34091302912
bafybeiafzaptjgkobzsi7vdw5v4xccckmdxfsyka3q33hffn2vh7rbah7i,34091302912
bafybeibg2tpjrkpa2x62rnqketbo2y3gojd7ua6sqbtfk5la77hnpf443u,34091302912
bafybeicoeguftj2s375dqrgjqke7z5wgjc4frfsxpbbne4ql5zj24ghhu4,34091302912
bafybeicqiurdlnaznvh63guxzpocftx3iqfzt4lcz4vqeqge4ga4yipaou,34091302912
bafybeienq4aggzeu2pe3vxim3ja33xvvg5pp5chattyvjropwrjckyilsa,34091302912
bafybeicffmcyfuzyphhraoyz2qhchtysmbswu3wl3smsqg7kdadcywr4fm,34091302912
bafybeicjfjk3pq4h6ibdxqq2ghjrr4ymwc57lf2mkhmxoakvpc5cybug64,34091302912
bafybeiaevxkclwxsxinykgneyhb6wghlzgw7rw7iwr27s5re35bfaxpzcy,34091302912
bafybeiaxyl6rp4ojppwaba4cc2zup5cmjukmfjzc5wxfwslovj27kl24wi,34091302912
bafybeigsqooatt4fryf5xc2g24w4mrspufxknwgqypu4crgedgoie7gity,34091302912
bafybeidx5jrqvjpsfcjclud4tdtmqbebiavwupdnebc5wmweslf6da75q4,34091302912
bafybeiewa3emkpyp7enaw3r33w36e45pflgovslprssgf6o7xg7utjdhre,34091302912
bafybeia6pmsiyad4p3sy5lbesri36gsneihcwcwdunh6k5ib6k27nyp5x4,34091302912
bafybeicspsaqxhxkc45nqivgg6r3d4lbmgi5p5xbubonlvuh7sacyhkqfi,34091302912
bafybeibuhvz3nqotwoi7hayrl5sqrajugedl6v6vncmyzpfzhl6wmkf4ya,34091302912
bafybeidutjfuun6p7u2pwvpcrakwmco6dhx473huy6yxv3aaodffrjm5gy,34091302912
bafybeifwuea773b2rjtad5cj4f63oyfbm6sulnwimbceaudyekiioel64q,34091302912
bafybeicybnwjja4f3s6ok2z5cccssm3fzmxh6ev5ltusj2zf3a5nmg36mu,34091302912
bafybeieeil3b57j5pttedcrl5x5sqe2vmvwnllw3wyldb3x2wbcio4tk5q,34091302912
bafybeih4mcyprwg4dqde2pp3kdl3f774gwbnbwyh2j7d2rk6fgqr5fzh6q,34091302912
bafybeif6advym2ugm6y56f3ownm34wrcw4z5viqrbvwmacilfkfq5zlylq,34091302912
bafybeigikeqdddwnjsct47bcq7svpdry6qaq3lgar4em6phsbnhln5rism,34091302912
bafybeifkocozuukkq4lmib6cl7qlpauuxmt67akarvojxmzgfhpum4erge,34091302912
bafybeigzpk6nyu6eldovhaebqwhvdhfqzcinjeea2koeubd3ifmq5qkqsu,34091302912
bafybeiegifny7ug5kb33gmdovgzgvbkeianzvdypqryvlkbypkhfsqkdwq,34091302912
bafybeihsyd47gxucvy64mtx5xqkr2ecrc26rrjhcqd7jq7gbnp4o67ncwu,34091302912
bafybeihkotcupu7kumbrms3ve6aqdti5gidh3mfsozigammxjkphugxzsm,34091302912
bafybeiczn25gagoljcld6ssb7ihs7p5aty5677htvyqjpbu5fkn73znvmu,34091302912
bafybeicbmsyvwa2kvc22y26kygjh5t5uorjhrhfohfiwxdfxrskegyaijm,34091302912
bafybeihgcux4eybftzlze7t37no4wxk3ictj5hg4iwllrthl4vcakly3wq,34091302912
bafybeihawxuwpfoiqst4jeiltygrosy52td4nql4a2utdjynu5pzm7vwde,34091302912
bafybeidskej3ow4y53sx5ww3wol7y5fm4dfmarxpitrsaeoc2u7jqqqbme,34091302912
bafybeid5cfmcvjmsyjjewusmmmg5qdvppys6f45uqsgze7at6abdrjypyy,34091302912
bafybeigf7lmacoyitfajo3ihh44h427kmdj4eayqyh55llnof7mo6hiaq4,34091302912
bafybeid24yuksfhlvdoco2thmrwy2siwmlb5hscoaygoguu4sbgf4wmagi,34091302912
bafybeibvvd57spv4loldftd2ii744jpk5yecqvnfcxogonl2r5kw2xywxq,34091302912
bafybeihujt5ucmjufemass3mycyyaguhllsjbl5uxacw3copkhcpljsjxe,34091302912
bafybeic24ajjfm6sjjxhwgkn7f4ktds7qy6bl4jukmblsjp6oe4fl4pu2e,34091302912
bafybeibsrut6myt2buxx35vxppwxk4liqsvfpg5mrcrwfq3o2t76urpv7e,34091302912
bafybeiedkj2nporcfoxrhnbc3e62v5ifyihpoumkuyfzzcihzz4gfivoni,34091302912
bafybeig5vthg2gzb35rmjwbumifiuogxeia3hn74btymnsebmnag5vfqpa,34091302912
bafybeihrzqq5g3fjekmhghpc74tcwh2xhq5sktj3rj27m3woxfu5mgrewi,34091302912
bafybeifym4fypy5slirtfiygxqsfmsrv2gay7sfenmbmqu3lx33gqjyguq,34091302912
bafybeiguxhznw5lxiguzigcfonx5tgqox3svitv6bjnd3rryjq7rr3jrr4,34091302912
bafybeid6gpvylutco5pscpkdyll7g6sorcymfcc5v27mah5cuttguimn4a,34091302912
bafybeiezjlqwflr6edrddatc6zqs7vz7pqbiftqcjtfwb2knq72rla23mm,34091302912
bafybeifbcawsv7bstxryphzmclnp6o2rdml3eugqqx42oup6hgksdbx7ge,34091302912
bafybeihziwfc4mpgjpwc65qznjrx6rzqarrxqglhfkfbvgp3gpmw2zryju,34091302912
bafybeie3y7k7ewug7tt7fuov7zwaxk6gh7ijnf36asoua5tsmqakcpfdoe,34091302912
bafybeiclbocacsjyyuw3qwz6fbljzhdc4lwphdp3te63lvlln3xwrgvzri,34091302912
bafybeihyewgu465hlnwsmihotb5dwoiklckj22ahs4xtvzn6trmfygpfle,34091302912
bafybeihovecf7apzdqevpickghxgsxzfbw62xjimfmjogjqfco3423wvse,34091302912
bafybeig3iyddrwoshi4oci2dadneicpd2qvisfq24363tndebrs7gzq36e,34091302912
bafybeibemz7ibaz23hvel7pdulwmbueene4jxkeobsixm4mbel7jiwqvxa,34091302912
bafybeic663msbhny63jkrkborjltignsco6wxaer5s3nysbwxnc4bsm4by,34091302912
bafybeigfyb6aqbiqdmjr62u57stdmeb7zdfwi3xr7fwadf77j2l2d7ivtm,34091302912
bafybeig3uolm7bxlsawfglb3mkbf6fevtknwir27utumu3lgxnia3xduyq,34091302912
bafybeifiw7u2cyzpdhwiwojlgo5h2tw6bf4t46x4mx54e3znoieesy7lfm,34091302912
bafybeicini5saq7yqlxp5zwmjnv64bsb5bab2x2lg5biukmpcjldg3gz6m,34091302912
bafybeigdhlqdyjxfehhoo622iw6mbfvxsixpzkswqu2xfgnkr3qjdbquuy,34091302912
bafybeiaqgaqjkyjbhlcmar64xzjvrzcpmrpq7xinz6o3z26pgf7ktfj6sm,17045651456
bafybeid7zp35m5npxvae4srmczusuowtkmumupiya3rzh4octwtmyocbze,34091302912
bafybeiham7ik5yzeqxwf4bgveporfii7w3vbkpwd5kha3ykdvzrxuiqbri,34091302912
bafybeicqraduuxlhencrrc37hlll4e44ovvkzpqg64ujhopq6gewopsntq,34091302912
bafybeigtn2rqruqvvdl6rskgmc2updxmrui3cj7fcpyj2pj6egficjorjq,34091302912
bafybeibpqciibhk7e6uzz7jnvy7ewvdxmptke73zcpgmunmh3pffh6hifu,34091302912
bafybeiaveaxk4edcpt6am32r5zox3yb4w37vyr362bm7asooov4msm5you,34091302912
bafybeidy4rfkrmszdbjqt4szmddmt45avul6jdlcljfxntw7h2ai4yza5e,34091302912
bafybeial44o66oawfrxxydn4cceoltvjzdnt2jylbhb555mmilgmlvjzpu,34091302912
bafybeidlvyjicqpfbbdzejribzhmc5zvduywgoe4awiz2omih7oipwumom,34091302912
bafybeigug2ziolyujjarwkuedabdlauy75sxlvipgizihvdy5ribxuhzim,34091302912
bafybeidq2iz35wmub7zacforoef7xsjaqdddz2j6bmedwhzbrtogt4xklu,34091302912
bafybeid7hyv66urboszf5hwph7bg3mke227dmycu4zhhhfh7u5ugjls5iu,34091302912
bafybeibgst5unkbb4xz26dxdaxhla2yzz3s4gsb6qocu7j3hqeaev5ufhm,34091302912
bafybeibnx5fvdjquhto3yhu4tb4ozd36vnejgy5zsmsjmr5clw2sdjn7ei,34091302912
bafybeihmevdbu56wqqml53nybn3bolc6hej3ohy55osrueri4fqeazurzq,34091302912
bafybeif3j4rdhyalp64uaogifypdomuh6bj3i2rmy22gmjh62g5qqydta4,34091302912
bafybeidjhsp5ovjejzg2b557tvyp2svio3jfj4mhyphw7u5rkbgh7jgu4y,34091302912
bafybeifshbv7qbqh6atm7rs2i73iq6cjznozni42o3xvkjk5ujyio6dr7a,34091302912
bafybeihl2llvjhshmll6pvwqhxae32367gtascrdmi74y4vxl4e37gp4h4,34091302912
bafybeiduq5xfltnskly6cxpfdg4b3zndzdt463ojpsggrly4qapuivrpwq,34091302912
bafybeiamhv7r64b5ryqcgm2n6c3eaioo5y23vqpybtkpdvc7ublhua6izq,34091302912
bafybeibul5xymxjdnrpdfcn5h5kxd7iwx3grvlzvqyvxmsegy5v2zxfc7e,34091302912
bafybeihtpfdmnh54uc3thpyrqmid4s55jb4ft6w6oqm634j4dbxeddibgi,34091302912
bafybeibuey276ni4jplv7qk3wswcss4qi5qyewfv3ukxdt6wnpa2lfxcjm,34091302912
bafybeie55rkxd2vdi773ylqrynbgsihrqyurcitzd433gbptmwtmscffsi,34091302912
bafybeigh3pchpjoq36x4gc4z42oo6yh7aw6lkjn2rxjxjxkyh6hwfj6the,34091302912
bafybeicylv2lmsqtasi2pr7fd7g35s5kfts4dqu567fwkamptpfkrmlj7u,34091302912
bafybeia4p3xjlcfieg3n2oqtoigse4whx4exxpr5nunzqq7y53vpk6uutq,34091302912
bafybeihxmkqb5o6k7v65vnazjeaxtp7wtcoenjsrtc6acixqgq3ukynhv4,34091302912
bafybeif53q7vfovt3lm5q66fdgqeydmo6usclmunjkzq2oorw2glym2qua,34091302912
bafybeibceo53fpn4qgyce5ad4vqifzlwajhklgpyc3owvlinag7f3bzimm,34091302912
bafybeih7kgzoypu3utnamlhypkn6ekosalcrufouqvzw3og7pkzlxj7qle,34091302912
bafybeih7phvvyuuxotorpleup2h6qgiaix2o2yfowzmfludi7ad47wi554,34091302912
bafybeihrjnwh3mcg46baxm4w5ebbwxpqmo6z7nxcftzzd27vz43jq6ia4i,34091302912
bafybeiebb5bxthvzxdbwcemb3vwrvpdkkpobgh4p2fp2erlkj2qhpn2mq4,34091302912
bafybeicwvpku2tnig4fjrgw32tzf2cztvp7iizljltt5qcfzxdgign35oa,34091302912
bafybeifoco3vt7iem3vqcsp3yp3hid2nlpligmzh7klevu4vrgoaldp3xu,34091302912
bafybeid4yfc5t2ul44qbickjvhiec7yyno6aiqqihb27wogs4copbb377i,34091302912
bafybeihes3j7vco3zyzoomhxvs5gfysg52ue4v7dph5ui5upy7z3pk7ny4,34091302912
bafybeihph24bsrnflb4v7fut3vhrgldci55pdver3wj7otmp5q3djirsde,34091302912
bafybeibbizajy2hevu2xrd6cjnuggoq7mwfdq4cztxfepuwlzo2pvqzyfa,34091302912
bafybeifrbmiw64pof5sngnnnquthjaeilqi3oao2qxldentdneffvaezdi,34091302912
bafybeihtdmsr3i33fwomcxom5nvehhk7jctl6anw4mj4lc32jsaljxlmra,34091302912
bafybeiaqij7hxohwjgmht36ijicw7g26vqkudk76kdo64r7sclxwvjwyvm,34091302912
bafybeidxvu6vq3okkpbxadbcvmknykyuhyrz64oz3o5zojbrjcyfiynd6e,34091302912
bafybeiekbobspl2ju7egmnd5woghqjlbqldpooni3mzagpggyf6ex4hfu4,34091302912
bafybeia2ivhyutcywwg5xvgo6xjnixptbaelbu2rlzylwy56rgdref6xoe,34091302912
bafybeiemyez4lm6jyqjf4v3vt4ow3lleyx3k5wtx7u3srabtea27qvalzu,34091302912
bafybeibs5g4eikqv5ibto5g3clnqokv6e2c3s5tcsq5qtryyqbqs5b72c4,34091302912
bafybeicmqanno7yxye6fmsziova3mo7kigvkd63gcrsg3ipvbts7q5frzm,34091302912
bafybeihvo4y3xms4if7kwt45wcg425bzj3lmwv4d6uhthotz5quiqcekdq,34091302912
bafybeia6qpdp4ixvrovgmkivhgi27ryzsire65ji7kfmkq3dotdzmqwf3e,34091302912
bafybeid4a6y7mz7jyt6dg67uorqcwwl4tyjgfwgkminabgenl4fkvfyhrq,34091302912
bafybeiabe3spju3w446jodjwhnv2bvpc7bdhxob2rirt52zuhaec56qhya,34091302912
bafybeicznjr2npjlnu5u6i7nqzdvarhsuq5qx3oa2a6s4r22c6xy267sr4,34091302912
bafybeie6drwklkduyueu6fjqq3bmgrah53mcrrlhgdiiaglz53vyhbp6ki,34091302912
bafybeicpnfhaxaqq2i2wgcnvzfi5eepwvld5twbddcbt72l7732ksokwyy,34091302912
bafybeicqpneilwgesq2ulfqe7ipwgxrqla63rzoedzjp33micbyz3ctpoa,34091302912
bafybeihpypg7ie4sho7ftm75m3qxkqbmjtz3inzjdqebm6mswiabnerogu,34091302912
bafybeidqi5ivm3roifrfv6kajehyjqbixprpzvumtknyscp3owphojxgku,34091302912
bafybeifvygrqdo77vn56knpwrobpynlzdhawcy5he7wj5gxvy5ia7tfpla,34091302912
bafybeibm3zwximql7uidhnode27qmvnvy2ahgjoaay47myfnkseaozvieq,34091302912
bafybeie46nlwjtwmq4hcq6rwvkz5twdg5hci5hetulrozrcc4mso23bp44,34091302912
bafybeihsilo2ucuxc2hea7ivr7tripdas4vq6am3bfkbnalyncwvjb6vme,34091302912
bafybeifcy6fowgncft4qi3vblx5mcywk6zkqnyh3jwpy3fxf27wrdnewmm,34091302912
bafybeiecnuyhumgea47q743oboq5rh7vl2iwja22p4wot32sdicz4hkmfe,34091302912
bafybeiar5so6ql7eguezegvyfd7t4svcyogyfw22sgmipzc6s7vhld7r4y,34091302912
bafybeidyhwprid74icnjcrgg7z4rqssa6m266se4vjuizelxmoj7id6qmm,17045651456
bafybeia56zplkoefqa7q3kddcn7uq3vv2qimoe3t2bk7qoavjhycq2d2bm,17045651456
bafybeihqm5aen7z6oompqfvnxvtfe7kgrjiztnrdqjh7cldbnn3divdqjq,17045651456
bafybeiht3mnlfe2aujk3omf5f33vufzjlw2x7ahbvqjuxw7qwuo3ocvcai,17045651456
bafybeicu7p7mp5qotamaeyy5rtvjgog572nodlfrqesoqnl3ad7ihnp57a,34091302912
bafybeicalltctjwmv2g6ef2eeoubxezsb2xez3ywipuqw3uodl3nurnlzm,17045651456
bafybeihjcb3s2agl42eiydf2ubc5rmd2cujtgc5btwmdp4q3barsk4f57m,17045651456
bafybeifnnivb2kfla4rjbn4bahosxcnay35h6ldq4zpdoxtcwle7deq7s4,17045651456
bafybeihv6njtphbjms734edfezbsshyo7ljcyiuxhegezoophashxj2yum,17045651456
bafybeig2iiihk6ekzq6erffrntqmufc2mnki2lnpobxbdyjlez23wehej4,34091302912
bafybeihj7lz6x27uogchxuqpwfgkhfyemlxtqakaqsfpqdeisvh6ewgibq,34091302912
bafybeidddnsmlrnwnhn53nwvagbyvp7bazg7yqzy56sffdgl7ngckj3y3y,34091302912
bafybeifcuqwhzji2k5oy43zd47r4itax5hucwsezm2oc6djplgr3rhjct4,34091302912
bafybeifk5sg6krs5hiu2plpbgxkkzikz6wvgo3ogco7do4au7jqoab7jqu,34091302912
bafybeia5k4pvsuc7mr2rb2vq4zlly4ap3jz6snecisvohjecvcsccyvuj4,34091302912
bafybeiejhzl7vosa5d3scdfun26j5t4aftmq2ec3fb2upjg5grgy7rhxti,34091302912
bafybeiaxcqdtvnbdr2ay6kiwwvp4lz5cyct6vsfcig4uvrvcoust7qnuxm,34091302912
bafybeiajmthxfeayef775trrapznjtqwbo3fu654zfiiwrdrp6prqkcvom,34091302912
bafybeif2rycymy262w4swoclnujpma55aeqfz7q72fhwhur2jy2zvupp7i,34091302912
bafybeicpgie2sut3oanwhsnjygu5kzrisffy22j3qajeg4tmpo2xynmegi,34091302912
bafybeihtze2zoypoazqbxgiblk5nvpflkookswzg46mbweonrcpgesh7ue,34091302912
bafybeicofrtbfo3ve5m4a4o6iukbr7k3yosqkmelszuyprvy5wdsirma3a,34091302912
bafybeig5bkibwe5acfgqabk4bpcdozwfigifluya7boac5oebmnzdjdldy,34091302912
bafybeiajgkboeit6rgavd34e52rb5xnr7rfi42jh57gvwecfk3xdyfca4a,34091302912
bafybeidm5jlqnezkfnxttgrasqk4jvyzhkll5awt2nze2g33vbsnzxffiy,34091302912
bafybeignrhq35isiznieoypad6qmxb3euspjr42z54pivcbhkdzuits2ia,34091302912
bafybeiao234ysgjwxkqlxxtzbs7zps2ulha4rje4m4e3wk2c7bak7sflie,34091302912
bafybeibpbm7f2jbti5l532hva3vvd33cjvzwpew3f6unwnlnber5y4gj2m,34091302912
bafybeigkotgjrnbbfw5mxjkewmv4fmzx3fbbijr5rkk75k65xmg73ys4ga,34091302912
bafybeifdmzdam3cqsdwy2ujp24boic4cjz4orxk4l6ibkzyuea5qmkj7gm,34091302912
bafybeic5ywybe56vt67rmebl6wqqpsulx2vys4mtbywzllseh7qulhbcqa,17045651456
bafybeigzbgzrgpmbseb7s5lctrdsfetdykejgyg7eieg65pp34doj45p4a,34091302912
bafybeiewyndi5qmeykyeseoo2j4o2wgn2lae57lgmen5ddr4sornyw4kc4,34091302912
bafybeihgkb45ng4az7wtwjsc3x36yk64qudefa2woxrrx6d7vvssw4jgf4,34091302912
bafybeif7gzni6udum7aplddxlspdfy4os5l3fy4uz35b35bukxi7j5cdha,34091302912
bafybeifmmordxs3tqvn2mfexgpm3h6vmw6u4qgpqv6dqwl6mk3ggiwkele,34091302912
bafybeif34p6hasrh3wwvqdjot3g3445m7sgiz3oqlzwybdjzycrkvmcxce,34091302912
bafybeidosqxxmbvxtae7wwtc2yiggzfqwumikp6ljlbximz3ktesufbzse,34091302912
bafybeicwl24jp7e6c4yrqpttw3ndpqpakht7kxbirusfo7h4xvsd5i4xza,34091302912
bafybeiekutk2n2ffcf4sfubd56apqtvqksmeaparyrecwvlrawidombdnu,34091302912
bafybeieva57wwc4ljmms3ugq4z4g5foq7nimrqcofdyhzwtoqmydu5klwe,34091302912
bafybeiht74o53jo5mae5ihqeqhngf7mafxh2vkynyzzgddus5sf5gukzoq,34091302912
bafybeicjzkkkz5p2ddjrqg3dl64u7oegjqiaqochlmivivm3pgxcczyxmi,34091302912
bafybeie2fcyfsa7rackwiuzriv4wqtisgzd7wmtfyo5vaizzrzsmtnjla4,34091302912
bafybeiab7uy5pldabgol52474mrsdsl64rp5koghosdgrlfr4cksmkzh4m,34091302912
bafybeiehjehocstgmgumynlm53iwedmkwpbskcqkjqzmhy2cm7ytlvxq5y,34091302912
bafybeihlr4lfjowcyzjgubhjorg4yvgtsiw2pgcjknr2yihd35nktktn3m,34091302912
bafybeigoud5ddost3ua2wwstfvpo2lurbsk5ogv2oquzrop6dobg5y6gsq,34091302912
bafybeihcwztdbez3jlwfkkprn6khcti5ruhni4mv2x5eoqvhmlez55ncba,34091302912
bafybeie4c5igxweo3dwvyntvpjtnduaj3ad7opnsybt3nk35rkgvush3xq,34091302912
bafybeihsjizcttolwd2h4cja7q4ewbs7igd44hom4gdknoxmx6ypku4hpu,34091302912
bafybeiheb7lxx4j4ax3fj33jctwasuxyxw2unyndbzrozc2sqfotvdmxde,34091302912
bafybeiaiotdqzje5xgvuoetfbqeeee32hsorydx5ac43vdbttiapgoojfq,34091302912
bafybeiemk5msqiam5miriyinisglinbfekpbvtquzhobb253sbg67fmlfu,34091302912
bafybeigjt4vt7ondza6zaotpf6tm26hrudiaqkd6zybpf7kqc2e3wsj3gq,34091302912
bafybeieqy6xtlhmlyq42dlvetsy5ol7q7aur5q3d7sn4bsbnplh2imd33m,34091302912
bafybeiei5elajty52erk7v57xev5gwd7fpql5jbgvtvehnwyociypold5q,34091302912
bafybeibsknspkg2h4wkyh3mb25r6wrxm4l4eoxd6ml3j6xptydxo6jb3ri,34091302912
bafybeieqq6ofkaj4oh3mfqa2oi4my2oob76pbp2uacvy7xehhcd5mpxk2y,34091302912
bafybeie6fvuw54bx2mccnhm4v7nc22udlttw7accnd5q6qic5olhj2xjyu,34091302912
bafybeih7z7qxcyqhrn2p2qixvdtmcbotif3oxlnleqoatqtslrbytu4u7u,34091302912
bafybeih62vnpcwoxpm5vurncexa24sdwhi4julke6beomtoh5ou45ufo2a,34091302912
bafybeigmaby22zanwkzbxsta5mt3klam5ikpfywlne5jtuudlwjv7gtbpu,34091302912
bafybeibjilm4uxo6dbwdgbq3fftpm3nwqa2hmy6aylze575423dgg3psvu,34091302912
bafybeic4icu362sit5osda5nsd7sgh4xtoewgve22voqeo37fyhwhpgyeq,34091302912
bafybeigqhl6vxkzr5vfhksme4qyaasaoqjdxdleszaxd7ax5hrucg2decq,34091302912
bafybeiesn7uudq5ymdtccop46cn7h22wur6qob76sjep3p7d743wqth56q,34091302912
bafybeiaxnavbokuzs5j5vkwc3yrlbt2vtbghhqww3ec7bt5rbyecktql5a,34091302912
bafybeiaika2xycb63jf2acc4vo2myf77o3xnc4eahlve3ksjnldauzbl7i,34091302912
bafybeidngusfpsxl6epqto4r2twjfbcl2pp3bkbchdklnk57j3lri5dx7u,34091302912
bafybeidjh2vlzowd2tiknpfpsks5lhmyfjqvi3ezscmklkc2ewenl4h7l4,34091302912
bafybeibgzwdkhuvpdxqfmq5pbm5hdxl46c74xt3gjelo52tfxvaowqchqm,34091302912
bafybeiewqlfkyztzqs4kgen62bh7qezqyytcw4arqdex5vh4ltnzpdkzcm,34091302912
bafybeie3wl7sxf3c33ads6byta4h5v7o56rywjpj7sl2qncq6umoasjvs4,34091302912
bafybeifmkfiztmzhna2vvomlmkswxjzo6iao3vobqh233fgluybu4724yq,34091302912
