payload_cid,data_size
bafybeih6qn2jgj6lrtnidt7h2ml7p7niymvxhv64ntmz5nroay6roeob3q,34091302912
bafybeiaddnjcytjlwudqm3jjrbyv6sthstfotjm524av7jznez566rzbuq,34091302912
bafybeicxwhe4vou2wjg5aok2l6rawegxgpivmn65lpkihich2g7pc4ryvq,34091302912
bafybeifyudjhv6kv7mnzr4gvi3byocogkx7sjpd2gcheiyqo7vblc5vhvi,34091302912
bafybeiect4psrbprf2pevjgjfo4uoebyjkjugzvmme626s65xk2xyoc2lu,34091302912
bafybeihunyd76dmc74ccuzjzionuf7f4dcfoqfeuct65s5i3akscvnrebi,34091302912
bafybeieyrrnuizv665krqgqsfcjixzzyffof7r54papx5qfhgxfcxadv6e,34091302912
bafybeiezv3y3u5nzkh33do5ynvulhwfuxflcte6vcgl6cgfr75yd6hszcu,34091302912
bafybeicoa6svdl5ym2dizh66ahdrc4hom55sq5s3oj7m3msql6clufccxe,34091302912
bafybeielvoxukkmudvmcdme3buy7bdekti3elip3avvrkvwitc45bphvny,34091302912
bafybeie7ydqtswc4nzlja6syd2tvw4mmpzcmrrgf77skmk5go4ntaptsum,34091302912
bafybeiannke6uqwthyc3d3merzbaukiydqgoipcwcdd4242vvppp5s64au,34091302912
bafybeiforkvpzpwnjtivpjmzrbpv46z75ozjxnqxbjqx3ju4gtzjbw5kpy,34091302912
bafybeicr3qgtmppgp5zxn5uigssdp2qnmomnkfx7pzjdobisvyqtamuuwq,34091302912
bafybeic3d4dbol6bpgoeqqp5cmiz44wsim2q6ygrtk4uvdxwirrtoxyuzq,34091302912
bafybeicrafrjjxn7zse667yencpoychurshirwcihlta727jzfzglmxpuu,34091302912
bafybeib66pd6slmf5cg2ruuy24ubjnkqbdl3w3io25uy5vqvdef65cqzju,17045651456
bafybeihzczwtzpsuz6tuvswxq2l5qkvlplrpm2sgt5yjquatgiaxi4dura,17045651456
bafybeifqnw7x3c2qjw26tijgx4lbhl7q2qbfls4l45lkab7hrzlcncwny4,17045651456
bafybeid6se4hg72vykz5rclpnrhnzxe6qtuo6gs3d45rj32nckfnafzvxu,17045651456
bafybeia6b36sy6qkgwlhohzo5hcsmfm5gxfdidcb3p6wl7oj3giz2iyway,17045651456
bafybeibh63vjjscnptbmdanmp7kd7mr7mqjprd6uk3xrm5eb5fvsjwdnyy,34091302912
bafybeiakkuvje3ztt7rd2u6fb743clyyk44crjd2bpuxrmgmhz7a6uxori,34091302912
bafybeiduht44csztojkl44s5pqj7qxprymdxi4m57uazhrv3levnfghsz4,34091302912
bafybeig6kustdads7xaudaoras755wjwja47yv5frp5ij54jrfacuda36m,34091302912
bafybeic3rjni65ssr7wvgmzjlnvwlf67vmlzgnovrhigoh73wjv5lj3xnm,34091302912
bafybeibdjtdx2m6pg6cuute72wq7vcuqwpvssu6os6fpdhw2omuvgf6nw4,34091302912
bafybeiebhyxh4oup3jlxflx6fyv5wr5ek67fkqrenjcyq6a5m3agrxufqa,34091302912
bafybeiefcxi57cy5aon2wfxtjx7yzlcvor7fkeomszl2scvde4fayt4upy,34091302912
bafybeigcyl2xzofvdnh55zyud5phugw4jq56e2kfhbsohbf3ddss2cfuda,34091302912
bafybeig5diyuesbyqbgal2igoqyf2ocalq6je53b6url35asa3prewbcmi,34091302912
bafybeiagopdxsz2w2kc4bd2riomxeuqtmpjhw4qhndxffyykmux2hadxre,34091302912
bafybeiabsb5d5veoky35yowtb4q5xmtokganj3bwdgy24nwfihdvjblz2i,34091302912
bafybeianautzqnltmeao645mza35kdogzr46h3mkbantn344sjeicp3taa,34091302912
bafybeiabg7kg4dtl6wase4khjvptwv6k35mjl4rt4aww2dzmx4uagnk74i,34091302912
bafybeigcbsg5qth6gp24zqsnnc2zjsaubujkjkzlwvg532splupjzsx5da,34091302912
bafybeidpd43nugq7mftcpsxufhqge37r3dhyl7mjbzwzvrf5ycod7cocri,34091302912
bafybeie4mzdorgsuuvyigztsrdt4yvwtuorzfg73lckugtpla5yybwyrdy,34091302912
bafybeihqj4mlr4chzq6qzhj5zfvdan45vinroy2a5wipxhrniggaxtcuxq,34091302912
bafybeied3ia7v4tb2vozwggmqlmt4b5kavol765tyr2bexvg7enpri5tm4,34091302912
bafybeicqeyvlpz4mzauquufm5tzkfgw4i5fdplud54rfqbv4do4q2zbwm4,34091302912
bafybeihjs4ttfzdhewt5gfj4o66fk5wqxp3c6klkdxom62iecdfufir4au,34091302912
bafybeif3fj24zp4bbcmpkbyfcgqxffiubvcuks2nxvr24vonjglucl2abq,34091302912
bafybeiabcjwj5tztmnnglhzkphpkmw7zaedsm3s2nrx34yhscynuloalri,34091302912
bafybeifoeqswelc26ffbzwj47ea3jgbxtob4y3rma2frh6egv73a735dai,34091302912
bafybeiev62w4gzmvcabpsnt5jgsmzh4e7iwblgrfm7vv5uy5fyv5jcz6lq,34091302912
bafybeifax5ksqt3e3v4lnkwtbh3l44jgs6birrsw6bdpfs4isnbddk6d7e,34091302912
bafybeigq7ju3fvq4xjw3bzbrrwfvibxsmefzrs24zunsxb3cpfrwomgpwu,34091302912
bafybeiekgcm57ad7d5kfixxhjxsqxwzjpicugpctnnfmk3c5ikorbtbltq,34091302912
bafybeihi3mrsrwdvvf2fdkmnv6p43katltm3vplfzghyh6iuaomuauln74,34091302912
bafybeiccdud37halkfohfw22hgq5orlsik7q5gulemcj3zw7ipa2npo5jm,34091302912
bafybeigc4g2ozajszqyeyaim42rfb6cabetdofcfvbx4rwrzblirmrl3gy,34091302912
bafybeidn75uwwvcagjjghbsonwayfxmqxixqujoxlhzqgyo2zagfukleh4,34091302912
bafybeiafhabraaao4rnqstszrpjlvjfa6xuijpljtjf253maofb464otta,34091302912
bafybeibnc7r44l5szqkt4mck6ia3emhhlgpkw32nloppoete6mxnuy2lsa,34091302912
bafybeidooqb7weaa7oxcdyjsh7w4qs3pcaudwrokjo2uxfah5nle4wjfr4,34091302912
bafybeievswwxobfcahso5qmjv4hf4hyqqemfrfwsl5shbm3enakbtp4pxq,34091302912
bafybeiddhcjp3axpihmvwvieebae5qxkbbxhzwobe3tjdlsajx26cv4yhe,34091302912
bafybeiahldie3sengvcebqifwwitfqm2yu7zkzukx6bhkuoa6jcictsqfe,34091302912
bafybeic6sezdswgksf23th7fo2i7sd7l6fyyi354ytxl7bqj4c23lxwdvy,34091302912
bafybeia6ligvlpykum764ridrjscuywc354yfuow2m6hh2lyiobhbxhcri,34091302912
bafybeicf5qnejuzspe3c5sj7kcmzsnfvlt6h6jbjzzv4vjaacaf336lyf4,34091302912
bafybeihdqyz5isoek3hhabosyyuj7tgjwuocfljo6nwb2wjwr5oku37a54,34091302912
bafybeia77mjryybxfvsyifo4niq3ftkxm4afvwztry6jpedprkobt5e6iq,34091302912
bafybeielz4q7ykq5x5uhmfdp34umfq6mtbkwqeht6ib2kvyzyqbtagwtcq,34091302912
bafybeifn2gyznzf7firlljcghmrygw2gigv4ehzpwzamsle7w6zgp75f4i,34091302912
bafybeianqxvftiei42gfhapq7v7uh4rhyc3r3lsckn7mqqjaqdfv5at6i4,34091302912
bafybeifbldlq4lgfml3ajddt4ht6ewhukim2nhubeubjzhbennkrflefee,34091302912
bafybeiagjidowftk466ddgvxniab7zvq4q5b3kl465453ktm3d5c67xvoa,34091302912
bafybeiezrwed3l6v2a7aok3czjj2vwiolpaatzbb66qcwynrxn222vu2fy,34091302912
bafybeigxptefa655rkes2vcpptscauyl6gvwxgegxsfgrksjykbk6b3d64,34091302912
bafybeibkjgrol4wbynudt2ywtdlwhkjvbvark6fdlbjeiwkav5zis7z2d4,34091302912
bafybeidltif2dcygvzsjixhhnx6jx75xbr75o3jhyl3po2nk7g73knecya,34091302912
bafybeianlse2m22sg3hqc66ewtlf2ufxvjlw32ygiddsv4uuk73fgrepwu,34091302912
bafybeifkamoawxeilmtq4j6uiibnl66iqp4hh36w5lqaos7llg3lypiam4,34091302912
bafybeifz42aasr5bmfq5tl6p66zjlvz2u3mlebpvufaiwrvse6pc66ins4,34091302912
bafybeig5p5lkzo5dgiagh6z5dffj6ae5h3uvigxeus4g6xlkhm7g3lenjm,34091302912
bafybeihci6rtyb4apuubns7hdgomcofc4r4z5zc2znmextob4si3ueitrm,34091302912
bafybeia57sque6pvmjhqxv7qefb77pf4ehtxfndlj6uf7alruixamflxuy,34091302912
bafybeib5h2vvf2f7v7zrh7yc4juajwmv67777sbq5e2nmctfj2x6trabce,34091302912
bafybeife4wo26healxk6czyixhghpi3usg7coff6roi2cdjgybo6ajttlm,34091302912
bafybeigzkgu43qdheshmys3r6mqbkiyrdle4dpuntc4yp3yphnc3abzxci,34091302912
bafybeiblpspakgsvfr5l6sduwrn6wndz2oxci44ndmb7y4eyecubltspvu,34091302912
bafybeigiotnbnfrps6drqa4r46odfvwkfyyd2fc67lagsq6lonhw2gjq6y,34091302912
bafybeih57ugnpskpul7dbcyyth6rnbxc7crrjwi7ab3pawqd7t4tlsicpa,34091302912
bafybeiamaoif63b5ota5i42ert7aqdns2rf6dkittqflh4455l2zckjdja,34091302912
bafybeig63coj6na5r2yughuc545gmzzsyvoogvjhi7t7bync4bnz7whto4,34091302912
bafybeihdhwqhi5pf75ps4csnhjr7kwwchjfyeukyb74e67oeqowdkk3iyq,34091302912
bafybeihzgmbxnbzaj22xsanusbsw3tgpgoew6z6nr7xtsyjsvtswnxlffy,34091302912
bafybeig3le55ogusvzbqjgtd4jqd3ghyuu5qcdodko5x3e6e72s5xxbsxm,34091302912
bafybeid6qtjk6vphwqmjsg3u2555q6fujesvfi3drxl2b5nkfmwhqdez64,34091302912
bafybeicvor2rs5aiafntxhhdfiaxr3ngrmqqcmifzklbklknwdriwlkywe,34091302912
bafybeidfcuvs3txx3ywkj4okehzfzm6w2put2uzbrz3da623cpulbwbpii,34091302912
bafybeicriucfcjxi5gevxttqwshkoe3tbq2n2jnvldushk2glqun4vw4ka,34091302912
bafybeiclghxiar2uexjpjeein7fjevhwaxlgkpw33yj4h6a7ja3yr6fvka,34091302912
bafybeiaqq4bzl57rt3rx5eqjf5vil5eniwpwmqfa7yyzz2uhlq4nqacvva,34091302912
bafybeif4j3pvjcuwji4gopqhqapgneuwvkca5p4lkqwj75ozhfvqvbe4xu,34091302912
bafybeigouelgx57a4dntzrm5q4c6trkfm2rq7ohoxjclrn7fs6wnvuwrbi,34091302912
bafybeiai22onvuhzmzo4nlwrtkgv77n5akk3mfrklsvos2ac6caf53kbdq,34091302912
bafybeifu2taiqiuk4bh3mszqohjvdozwczjzpmhrsuyruzlresyua24el4,34091302912
bafybeialstwxv5cmmrimq5l6hx6ynlb5cdacowzxsy5wqot3lfpzoowwtm,34091302912
